,pca_n_components,peanlty_strength,accuracy
0,1,[2],0.5
1,2,[5],0.6855072463768116
2,3,[7],0.6550724637681159
3,4,[5],0.6521739130434783
4,5,[2],0.6492753623188405
5,6,[5],0.6434782608695652
6,7,[5],0.6391304347826087
7,8,[2],0.6434782608695652
8,9,[2],0.6405797101449275
9,10,[5],0.6405797101449275
10,11,[2],0.6478260869565218
11,12,[2],0.6478260869565218
